Project Requested,scientific_name,Point of Contact for Submission,Email,Common Name,Survey Type,Taxonomic Group,Name
CalNEMO,Agardhiella subulata*,Sharon Shiba,Sharon.Shiba@wildlife.ca.gov,,Monitored,Algae,
CalNEMO,Aglaothamnion tenuissimum*,Sharon Shiba,Sharon.Shiba@wildlife.ca.gov,,Monitored,Algae,
CalNEMO,Ascophyllum nodosum,Sharon Shiba,Sharon.Shiba@wildlife.ca.gov,,Monitored,Algae,
CalNEMO,Bryopsis sp. 1*,Sharon Shiba,Sharon.Shiba@wildlife.ca.gov,,Monitored,Algae,
CalNEMO,Campylaephora kondoi*,Sharon Shiba,Sharon.Shiba@wildlife.ca.gov,,Monitored,Algae,
CalNEMO,Campylaephora sungminbooi*,Sharon Shiba,Sharon.Shiba@wildlife.ca.gov,,Monitored,Algae,
CalNEMO,Carradoriella denudata*,Sharon Shiba,Sharon.Shiba@wildlife.ca.gov,,Monitored,Algae,
CalNEMO,Caulacanthus okamurae,Sharon Shiba,Sharon.Shiba@wildlife.ca.gov,,Monitored,Algae,
CalNEMO,Caulerpa prolifera,Sharon Shiba,Sharon.Shiba@wildlife.ca.gov,,Monitored,Algae,
CalNEMO,Caulerpa taxifolia (invasive genotype),Sharon Shiba,Sharon.Shiba@wildlife.ca.gov,,Monitored,Algae,
CalNEMO,Codium fragile ssp. Fragile,Sharon Shiba,Sharon.Shiba@wildlife.ca.gov,,Monitored,Algae,
CalNEMO,Colpomenia claytoniae,Sharon Shiba,Sharon.Shiba@wildlife.ca.gov,,Monitored,Algae,
CalNEMO,Dasya sp. A*,Sharon Shiba,Sharon.Shiba@wildlife.ca.gov,,Monitored,Algae,
CalNEMO,Elachista nigra,Sharon Shiba,Sharon.Shiba@wildlife.ca.gov,,Monitored,Algae,
CalNEMO,Fucus spiralis,Sharon Shiba,Sharon.Shiba@wildlife.ca.gov,,Monitored,Algae,
CalNEMO,Gelidium vagum*,Sharon Shiba,Sharon.Shiba@wildlife.ca.gov,,Monitored,Algae,
CalNEMO,Gracilaria vermiculophylla,Sharon Shiba,Sharon.Shiba@wildlife.ca.gov,,Monitored,Algae,
CalNEMO,Gracilariopsis chorda*,Sharon Shiba,Sharon.Shiba@wildlife.ca.gov,,Monitored,Algae,
CalNEMO,Grateloupia asiatica*,Sharon Shiba,Sharon.Shiba@wildlife.ca.gov,,Monitored,Algae,
CalNEMO,Grateloupia turuturu,Sharon Shiba,Sharon.Shiba@wildlife.ca.gov,,Monitored,Algae,
CalNEMO,Lomentaria hakodatensis*,Sharon Shiba,Sharon.Shiba@wildlife.ca.gov,,Monitored,Algae,
CalNEMO,Melanothamnus japonicus*,Sharon Shiba,Sharon.Shiba@wildlife.ca.gov,,Monitored,Algae,
CalNEMO,Mutimo cylindricus,Sharon Shiba,Sharon.Shiba@wildlife.ca.gov,,Monitored,Algae,
CalNEMO,Pachymeniopsis lanceolata*,Sharon Shiba,Sharon.Shiba@wildlife.ca.gov,,Monitored,Algae,
CalNEMO,Padina durvillei*,Sharon Shiba,Sharon.Shiba@wildlife.ca.gov,,Monitored,Algae,
CalNEMO,Phycocalidia suborbiculata*,Sharon Shiba,Sharon.Shiba@wildlife.ca.gov,,Monitored,Algae,
CalNEMO,Polysiphonia denudata*,Sharon Shiba,Sharon.Shiba@wildlife.ca.gov,,Monitored,Algae,
CalNEMO,Sargassum horneri,Sharon Shiba,Sharon.Shiba@wildlife.ca.gov,,Monitored,Algae,
CalNEMO,Sargassum muticum,Sharon Shiba,Sharon.Shiba@wildlife.ca.gov,,Monitored,Algae,
CalNEMO,Schizymenia dubyi*,Sharon Shiba,Sharon.Shiba@wildlife.ca.gov,,Monitored,Algae,
CalNEMO,Ulva australis,Sharon Shiba,Sharon.Shiba@wildlife.ca.gov,,Monitored,Algae,
CalNEMO,Undaria pinnatifida,Sharon Shiba,Sharon.Shiba@wildlife.ca.gov,,Monitored,Algae,
CalNEMO,Lithobates catesbeiana*,Sharon Shiba,Sharon.Shiba@wildlife.ca.gov,,Monitored,Amphibians-Frogs,
CalNEMO,Xenopus laevis*,Sharon Shiba,Sharon.Shiba@wildlife.ca.gov,,Monitored,Amphibians-Frogs,
CalNEMO,Myzobdella lugubris,Sharon Shiba,Sharon.Shiba@wildlife.ca.gov,,Monitored,Annelids-Leeches,
CalNEMO,Branchiura sowerbyi*,Sharon Shiba,Sharon.Shiba@wildlife.ca.gov,,Monitored,Annelids-Oligochaetes,
CalNEMO,Cambarincola pamelae*,Sharon Shiba,Sharon.Shiba@wildlife.ca.gov,,Monitored,Annelids-Oligochaetes,
CalNEMO,Chaetogaster diaphanus*,Sharon Shiba,Sharon.Shiba@wildlife.ca.gov,,Monitored,Annelids-Oligochaetes,
CalNEMO,Eukerria saltensis*,Sharon Shiba,Sharon.Shiba@wildlife.ca.gov,,Monitored,Annelids-Oligochaetes,
CalNEMO,Limnodrilus monothecus*,Sharon Shiba,Sharon.Shiba@wildlife.ca.gov,,Monitored,Annelids-Oligochaetes,
CalNEMO,Potamothrix bavaricus*,Sharon Shiba,Sharon.Shiba@wildlife.ca.gov,,Monitored,Annelids-Oligochaetes,
CalNEMO,Tubificoides apectinatus*,Sharon Shiba,Sharon.Shiba@wildlife.ca.gov,,Monitored,Annelids-Oligochaetes,
CalNEMO,Tubificoides brownae*,Sharon Shiba,Sharon.Shiba@wildlife.ca.gov,,Monitored,Annelids-Oligochaetes,
CalNEMO,Tubificoides wasselli*,Sharon Shiba,Sharon.Shiba@wildlife.ca.gov,,Monitored,Annelids-Oligochaetes,
CalNEMO,Varichaetadrilus angustipenis*,Sharon Shiba,Sharon.Shiba@wildlife.ca.gov,,Monitored,Annelids-Oligochaetes,
CalNEMO,Alitta succinea,Sharon Shiba,Sharon.Shiba@wildlife.ca.gov,,Monitored,Annelids-Polychaetes,
CalNEMO,Amaeana sp. A,Sharon Shiba,Sharon.Shiba@wildlife.ca.gov,,Monitored,Annelids-Polychaetes,
CalNEMO,Amblyosyllis nigrolineata,Sharon Shiba,Sharon.Shiba@wildlife.ca.gov,,Monitored,Annelids-Polychaetes,
CalNEMO,Boccardiella ligerica,Sharon Shiba,Sharon.Shiba@wildlife.ca.gov,,Monitored,Annelids-Polychaetes,
CalNEMO,Branchiomma bairdi,Sharon Shiba,Sharon.Shiba@wildlife.ca.gov,,Monitored,Annelids-Polychaetes,
CalNEMO,Branchiomma SF1*,Sharon Shiba,Sharon.Shiba@wildlife.ca.gov,,Monitored,Annelids-Polychaetes,
CalNEMO,Diplocirrus SD1,Sharon Shiba,Sharon.Shiba@wildlife.ca.gov,,Monitored,Annelids-Polychaetes,
CalNEMO,Epigamia noroi,Sharon Shiba,Sharon.Shiba@wildlife.ca.gov,,Monitored,Annelids-Polychaetes,
CalNEMO,Ficopomatus enigmaticus,Sharon Shiba,Sharon.Shiba@wildlife.ca.gov,,Monitored,Annelids-Polychaetes,
CalNEMO,Haplosyllis ohma,Sharon Shiba,Sharon.Shiba@wildlife.ca.gov,,Monitored,Annelids-Polychaetes,
CalNEMO,Hediste diadroma,Sharon Shiba,Sharon.Shiba@wildlife.ca.gov,,Monitored,Annelids-Polychaetes,
CalNEMO,Heteromastus filiformis species complex,Sharon Shiba,Sharon.Shiba@wildlife.ca.gov,,Monitored,Annelids-Polychaetes,
CalNEMO,Hydroides elegans,Sharon Shiba,Sharon.Shiba@wildlife.ca.gov,,Monitored,Annelids-Polychaetes,
CalNEMO,Laonome cf. calida,Sharon Shiba,Sharon.Shiba@wildlife.ca.gov,,Monitored,Annelids-Polychaetes,
CalNEMO,Marenzelleria neglecta,Sharon Shiba,Sharon.Shiba@wildlife.ca.gov,,Monitored,Annelids-Polychaetes,
CalNEMO,Megasyllis nipponica,Sharon Shiba,Sharon.Shiba@wildlife.ca.gov,,Monitored,Annelids-Polychaetes,
CalNEMO,Myrianida convoluta,Sharon Shiba,Sharon.Shiba@wildlife.ca.gov,,Monitored,Annelids-Polychaetes,
CalNEMO,Myrianida pachycera,Sharon Shiba,Sharon.Shiba@wildlife.ca.gov,,Monitored,Annelids-Polychaetes,
CalNEMO,Myrianida pentadentata,Sharon Shiba,Sharon.Shiba@wildlife.ca.gov,,Monitored,Annelids-Polychaetes,
CalNEMO,Neoamphitrite sp. A,Sharon Shiba,Sharon.Shiba@wildlife.ca.gov,,Monitored,Annelids-Polychaetes,
CalNEMO,Neodexiospira brasiliensis,Sharon Shiba,Sharon.Shiba@wildlife.ca.gov,,Monitored,Annelids-Polychaetes,
CalNEMO,Nicolea sp. A. Harris,Sharon Shiba,Sharon.Shiba@wildlife.ca.gov,,Monitored,Annelids-Polychaetes,
CalNEMO,Parasabella fullo,Sharon Shiba,Sharon.Shiba@wildlife.ca.gov,,Monitored,Annelids-Polychaetes,
CalNEMO,Polydora cornuta,Sharon Shiba,Sharon.Shiba@wildlife.ca.gov,,Monitored,Annelids-Polychaetes,
CalNEMO,Polydora hoplura,Sharon Shiba,Sharon.Shiba@wildlife.ca.gov,,Monitored,Annelids-Polychaetes,
CalNEMO,Proceraea okadai,Sharon Shiba,Sharon.Shiba@wildlife.ca.gov,,Monitored,Annelids-Polychaetes,
CalNEMO,Pseudopolydora bassarginensis,Sharon Shiba,Sharon.Shiba@wildlife.ca.gov,,Monitored,Annelids-Polychaetes,
CalNEMO,Pseudopolydora cf. kempi,Sharon Shiba,Sharon.Shiba@wildlife.ca.gov,,Monitored,Annelids-Polychaetes,
CalNEMO,Pseudopolydora paucibranchiata,Sharon Shiba,Sharon.Shiba@wildlife.ca.gov,,Monitored,Annelids-Polychaetes,
CalNEMO,Sabaco elongatus,Sharon Shiba,Sharon.Shiba@wildlife.ca.gov,,Monitored,Annelids-Polychaetes,
CalNEMO,Streblospio benedicti,Sharon Shiba,Sharon.Shiba@wildlife.ca.gov,,Monitored,Annelids-Polychaetes,
CalNEMO,Terebrasabella heterouncinata,Sharon Shiba,Sharon.Shiba@wildlife.ca.gov,,Monitored,Annelids-Polychaetes,
CalNEMO,Anisolabis maritima,Sharon Shiba,Sharon.Shiba@wildlife.ca.gov,,Monitored,Arthropoda-Insects,
CalNEMO,Megamelus scutellaris*,Sharon Shiba,Sharon.Shiba@wildlife.ca.gov,,Monitored,Arthropoda-Insects,
CalNEMO,Neochetina bruchi*,Sharon Shiba,Sharon.Shiba@wildlife.ca.gov,,Monitored,Arthropoda-Insects,
CalNEMO,Neochetina eichhorniae*,Sharon Shiba,Sharon.Shiba@wildlife.ca.gov,,Monitored,Arthropoda-Insects,
CalNEMO,Niphograpta albiguttalis*,Sharon Shiba,Sharon.Shiba@wildlife.ca.gov,,Monitored,Arthropoda-Insects,
CalNEMO,Prokelisia marginata*,Sharon Shiba,Sharon.Shiba@wildlife.ca.gov,,Monitored,Arthropoda-Insects,
CalNEMO,Pselactus spadix*,Sharon Shiba,Sharon.Shiba@wildlife.ca.gov,,Monitored,Arthropoda-Insects,
CalNEMO,Thambemyia borealis*,Sharon Shiba,Sharon.Shiba@wildlife.ca.gov,,Monitored,Arthropoda-Insects,
CalNEMO,Trigonotylus uhleri*,Sharon Shiba,Sharon.Shiba@wildlife.ca.gov,,Monitored,Arthropoda-Insects,
CalNEMO,Teredinibacter turnerae*,Sharon Shiba,Sharon.Shiba@wildlife.ca.gov,,Monitored,Bacteria,
CalNEMO,Aeverrillia armata,Sharon Shiba,Sharon.Shiba@wildlife.ca.gov,,Monitored,Bryozoans,
CalNEMO,Amathia citrina*,Sharon Shiba,Sharon.Shiba@wildlife.ca.gov,,Monitored,Bryozoans,
CalNEMO,Amathia dichotoma*,Sharon Shiba,Sharon.Shiba@wildlife.ca.gov,,Monitored,Bryozoans,
CalNEMO,Amathia verticillata,Sharon Shiba,Sharon.Shiba@wildlife.ca.gov,,Monitored,Bryozoans,
CalNEMO,Anguinella palmata,Sharon Shiba,Sharon.Shiba@wildlife.ca.gov,,Monitored,Bryozoans,
CalNEMO,Aspidelectra melolontha,Sharon Shiba,Sharon.Shiba@wildlife.ca.gov,,Monitored,Bryozoans,
CalNEMO,Bugula neritina,Sharon Shiba,Sharon.Shiba@wildlife.ca.gov,,Monitored,Bryozoans,
CalNEMO,Bugulina cf. foliolata,Sharon Shiba,Sharon.Shiba@wildlife.ca.gov,,Monitored,Bryozoans,
CalNEMO,Bugulina stolonifera,Sharon Shiba,Sharon.Shiba@wildlife.ca.gov,,Monitored,Bryozoans,
CalNEMO,Conopeum chesapeakensis,Sharon Shiba,Sharon.Shiba@wildlife.ca.gov,,Monitored,Bryozoans,
CalNEMO,Conopeum tenuissimum,Sharon Shiba,Sharon.Shiba@wildlife.ca.gov,,Monitored,Bryozoans,
CalNEMO,Cryptosula pallasiana,Sharon Shiba,Sharon.Shiba@wildlife.ca.gov,,Monitored,Bryozoans,
CalNEMO,Fredericella indica,Sharon Shiba,Sharon.Shiba@wildlife.ca.gov,,Monitored,Bryozoans,
CalNEMO,Hippopodina iririkiensis*,Sharon Shiba,Sharon.Shiba@wildlife.ca.gov,,Monitored,Bryozoans,
CalNEMO,Nolella sawayai*,Sharon Shiba,Sharon.Shiba@wildlife.ca.gov,,Monitored,Bryozoans,
CalNEMO,Pectinatella magnifica,Sharon Shiba,Sharon.Shiba@wildlife.ca.gov,,Monitored,Bryozoans,
CalNEMO,Schizoporella japonica,Sharon Shiba,Sharon.Shiba@wildlife.ca.gov,,Monitored,Bryozoans,
CalNEMO,Schizoporella variabilis,Sharon Shiba,Sharon.Shiba@wildlife.ca.gov,,Monitored,Bryozoans,
CalNEMO,Victorella pavida,Sharon Shiba,Sharon.Shiba@wildlife.ca.gov,,Monitored,Bryozoans,
CalNEMO,Watersipora arcuata,Sharon Shiba,Sharon.Shiba@wildlife.ca.gov,,Monitored,Bryozoans,
CalNEMO,Watersipora n. sp.,Sharon Shiba,Sharon.Shiba@wildlife.ca.gov,,Monitored,Bryozoans,
CalNEMO,Watersipora subatra*,Sharon Shiba,Sharon.Shiba@wildlife.ca.gov,,Monitored,Bryozoans,
CalNEMO,Watersipora subtorquata,Sharon Shiba,Sharon.Shiba@wildlife.ca.gov,,Monitored,Bryozoans,
CalNEMO,Anthopleura hermaphroditica*,Sharon Shiba,Sharon.Shiba@wildlife.ca.gov,,Monitored,Cnidarians-Anthozoans,
CalNEMO,Bunodeopsis sp. A,Sharon Shiba,Sharon.Shiba@wildlife.ca.gov,,Monitored,Cnidarians-Anthozoans,
CalNEMO,Diadumene franciscana,Sharon Shiba,Sharon.Shiba@wildlife.ca.gov,,Monitored,Cnidarians-Anthozoans,
CalNEMO,Diadumene leucolena,Sharon Shiba,Sharon.Shiba@wildlife.ca.gov,,Monitored,Cnidarians-Anthozoans,
CalNEMO,Diadumene lineata,Sharon Shiba,Sharon.Shiba@wildlife.ca.gov,,Monitored,Cnidarians-Anthozoans,
CalNEMO,Diadumene paranaensis,Sharon Shiba,Sharon.Shiba@wildlife.ca.gov,,Monitored,Cnidarians-Anthozoans,
CalNEMO,Exaiptasia pallida,Sharon Shiba,Sharon.Shiba@wildlife.ca.gov,,Monitored,Cnidarians-Anthozoans,
CalNEMO,Nematostella vectensis,Sharon Shiba,Sharon.Shiba@wildlife.ca.gov,,Monitored,Cnidarians-Anthozoans,
CalNEMO,Amphinema cf. rugosum,Sharon Shiba,Sharon.Shiba@wildlife.ca.gov,,Monitored,Cnidarians-Hydrozoans,
CalNEMO,Bimeria vestita,Sharon Shiba,Sharon.Shiba@wildlife.ca.gov,,Monitored,Cnidarians-Hydrozoans,
CalNEMO,Blackfordia virginica,Sharon Shiba,Sharon.Shiba@wildlife.ca.gov,,Monitored,Cnidarians-Hydrozoans,
CalNEMO,Calyptospadix cerulea,Sharon Shiba,Sharon.Shiba@wildlife.ca.gov,,Monitored,Cnidarians-Hydrozoans,
CalNEMO,Cladonema pacificum,Sharon Shiba,Sharon.Shiba@wildlife.ca.gov,,Monitored,Cnidarians-Hydrozoans,
CalNEMO,Clava multicornis,Sharon Shiba,Sharon.Shiba@wildlife.ca.gov,,Monitored,Cnidarians-Hydrozoans,
CalNEMO,Climacocodon ikarii,Sharon Shiba,Sharon.Shiba@wildlife.ca.gov,,Monitored,Cnidarians-Hydrozoans,
CalNEMO,Cordylophora caspia,Sharon Shiba,Sharon.Shiba@wildlife.ca.gov,,Monitored,Cnidarians-Hydrozoans,
CalNEMO,Corymorpha sp. A,Sharon Shiba,Sharon.Shiba@wildlife.ca.gov,,Monitored,Cnidarians-Hydrozoans,
CalNEMO,Craspedacusta sowerbii,Sharon Shiba,Sharon.Shiba@wildlife.ca.gov,,Monitored,Cnidarians-Hydrozoans,
CalNEMO,Ectopleura crocea,Sharon Shiba,Sharon.Shiba@wildlife.ca.gov,,Monitored,Cnidarians-Hydrozoans,
CalNEMO,Gonionemus vertens,Sharon Shiba,Sharon.Shiba@wildlife.ca.gov,,Monitored,Cnidarians-Hydrozoans,
CalNEMO,Laomedea calceolifera,Sharon Shiba,Sharon.Shiba@wildlife.ca.gov,,Monitored,Cnidarians-Hydrozoans,
CalNEMO,Maeotias marginata,Sharon Shiba,Sharon.Shiba@wildlife.ca.gov,,Monitored,Cnidarians-Hydrozoans,
CalNEMO,Moerisia lyonsi,Sharon Shiba,Sharon.Shiba@wildlife.ca.gov,,Monitored,Cnidarians-Hydrozoans,
CalNEMO,Turritopsis dohrnii,Sharon Shiba,Sharon.Shiba@wildlife.ca.gov,,Monitored,Cnidarians-Hydrozoans,
CalNEMO,Myxobolus koi*,Sharon Shiba,Sharon.Shiba@wildlife.ca.gov,,Monitored,Cnidarians-Myxozoans,
CalNEMO,Aurelia coerulea,Sharon Shiba,Sharon.Shiba@wildlife.ca.gov,,Monitored,Cnidarians-Scyphozoans,
CalNEMO,Phyllorhiza punctata,Sharon Shiba,Sharon.Shiba@wildlife.ca.gov,,Monitored,Cnidarians-Scyphozoans,
CalNEMO,Ampelisca abdita,Sharon Shiba,Sharon.Shiba@wildlife.ca.gov,,Monitored,Crustaceans-Amphipods,
CalNEMO,Ampithoe longimana,Sharon Shiba,Sharon.Shiba@wildlife.ca.gov,,Monitored,Crustaceans-Amphipods,
CalNEMO,Ampithoe valida,Sharon Shiba,Sharon.Shiba@wildlife.ca.gov,,Monitored,Crustaceans-Amphipods,
CalNEMO,Aoroides secunda,Sharon Shiba,Sharon.Shiba@wildlife.ca.gov,,Monitored,Crustaceans-Amphipods,
CalNEMO,Caprella drepanochir,Sharon Shiba,Sharon.Shiba@wildlife.ca.gov,,Monitored,Crustaceans-Amphipods,
CalNEMO,Caprella mutica,Sharon Shiba,Sharon.Shiba@wildlife.ca.gov,,Monitored,Crustaceans-Amphipods,
CalNEMO,Caprella scaura,Sharon Shiba,Sharon.Shiba@wildlife.ca.gov,,Monitored,Crustaceans-Amphipods,
CalNEMO,Caprella simia,Sharon Shiba,Sharon.Shiba@wildlife.ca.gov,,Monitored,Crustaceans-Amphipods,
CalNEMO,Chelura terebrans,Sharon Shiba,Sharon.Shiba@wildlife.ca.gov,,Monitored,Crustaceans-Amphipods,
CalNEMO,Corophium alienense,Sharon Shiba,Sharon.Shiba@wildlife.ca.gov,,Monitored,Crustaceans-Amphipods,
CalNEMO,Corophium heteroceratum,Sharon Shiba,Sharon.Shiba@wildlife.ca.gov,,Monitored,Crustaceans-Amphipods,
CalNEMO,Crangonyx floridanus,Sharon Shiba,Sharon.Shiba@wildlife.ca.gov,,Monitored,Crustaceans-Amphipods,
CalNEMO,Eochelidium sp. A,Sharon Shiba,Sharon.Shiba@wildlife.ca.gov,,Monitored,Crustaceans-Amphipods,
CalNEMO,Gammarus daiberi,Sharon Shiba,Sharon.Shiba@wildlife.ca.gov,,Monitored,Crustaceans-Amphipods,
CalNEMO,Grandidierella japonica,Sharon Shiba,Sharon.Shiba@wildlife.ca.gov,,Monitored,Crustaceans-Amphipods,
CalNEMO,Incisocalliope derzhavini,Sharon Shiba,Sharon.Shiba@wildlife.ca.gov,,Monitored,Crustaceans-Amphipods,
CalNEMO,Jassa marmorata,Sharon Shiba,Sharon.Shiba@wildlife.ca.gov,,Monitored,Crustaceans-Amphipods,
CalNEMO,Leucothoe nagatai,Sharon Shiba,Sharon.Shiba@wildlife.ca.gov,,Monitored,Crustaceans-Amphipods,
CalNEMO,Melita nitida,Sharon Shiba,Sharon.Shiba@wildlife.ca.gov,,Monitored,Crustaceans-Amphipods,
CalNEMO,Melita rylovae,Sharon Shiba,Sharon.Shiba@wildlife.ca.gov,,Monitored,Crustaceans-Amphipods,
CalNEMO,Microdeutopus gryllotalpa,Sharon Shiba,Sharon.Shiba@wildlife.ca.gov,,Monitored,Crustaceans-Amphipods,
CalNEMO,Monocorophium acherusicum,Sharon Shiba,Sharon.Shiba@wildlife.ca.gov,,Monitored,Crustaceans-Amphipods,
CalNEMO,Monocorophium insidiosum,Sharon Shiba,Sharon.Shiba@wildlife.ca.gov,,Monitored,Crustaceans-Amphipods,
CalNEMO,Monocorophium uenoi,Sharon Shiba,Sharon.Shiba@wildlife.ca.gov,,Monitored,Crustaceans-Amphipods,
CalNEMO,Paracorophium sp.,Sharon Shiba,Sharon.Shiba@wildlife.ca.gov,,Monitored,Crustaceans-Amphipods,
CalNEMO,Paradexamine sp. SD1,Sharon Shiba,Sharon.Shiba@wildlife.ca.gov,,Monitored,Crustaceans-Amphipods,
CalNEMO,Stenothoe valida,Sharon Shiba,Sharon.Shiba@wildlife.ca.gov,,Monitored,Crustaceans-Amphipods,
CalNEMO,Transorchestia enigmatica,Sharon Shiba,Sharon.Shiba@wildlife.ca.gov,,Monitored,Crustaceans-Amphipods,
CalNEMO,Amphibalanus amphitrite,Sharon Shiba,Sharon.Shiba@wildlife.ca.gov,,Monitored,Crustaceans-Barnacles,
CalNEMO,Amphibalanus eburneus,Sharon Shiba,Sharon.Shiba@wildlife.ca.gov,,Monitored,Crustaceans-Barnacles,
CalNEMO,Amphibalanus improvisus,Sharon Shiba,Sharon.Shiba@wildlife.ca.gov,,Monitored,Crustaceans-Barnacles,
CalNEMO,Fistulobalanus albicostatus,Sharon Shiba,Sharon.Shiba@wildlife.ca.gov,,Monitored,Crustaceans-Barnacles,
CalNEMO,Daphnia lumholtzi,Sharon Shiba,Sharon.Shiba@wildlife.ca.gov,,Monitored,Crustaceans-Cladocerans,
CalNEMO,Acartiella sinensis,Sharon Shiba,Sharon.Shiba@wildlife.ca.gov,,Monitored,Crustaceans-Copepods,
CalNEMO,Eurytemora carolleeae,Sharon Shiba,Sharon.Shiba@wildlife.ca.gov,,Monitored,Crustaceans-Copepods,
CalNEMO,Harpacticella paradoxa,Sharon Shiba,Sharon.Shiba@wildlife.ca.gov,,Monitored,Crustaceans-Copepods,
CalNEMO,Lernaea cyprinacea,Sharon Shiba,Sharon.Shiba@wildlife.ca.gov,,Monitored,Crustaceans-Copepods,
CalNEMO,Limnoithona sinensis,Sharon Shiba,Sharon.Shiba@wildlife.ca.gov,,Monitored,Crustaceans-Copepods,
CalNEMO,Limnoithona tetraspina,Sharon Shiba,Sharon.Shiba@wildlife.ca.gov,,Monitored,Crustaceans-Copepods,
CalNEMO,Mytilicola orientalis,Sharon Shiba,Sharon.Shiba@wildlife.ca.gov,,Monitored,Crustaceans-Copepods,
CalNEMO,Oithona davisae,Sharon Shiba,Sharon.Shiba@wildlife.ca.gov,,Monitored,Crustaceans-Copepods,
CalNEMO,Pseudodiaptomus forbesi,Sharon Shiba,Sharon.Shiba@wildlife.ca.gov,,Monitored,Crustaceans-Copepods,
CalNEMO,Pseudodiaptomus marinus,Sharon Shiba,Sharon.Shiba@wildlife.ca.gov,,Monitored,Crustaceans-Copepods,
CalNEMO,Sinocalanus doerrii,Sharon Shiba,Sharon.Shiba@wildlife.ca.gov,,Monitored,Crustaceans-Copepods,
CalNEMO,Stephos robustus*,Sharon Shiba,Sharon.Shiba@wildlife.ca.gov,,Monitored,Crustaceans-Copepods,
CalNEMO,Tortanus dextrilobatus,Sharon Shiba,Sharon.Shiba@wildlife.ca.gov,,Monitored,Crustaceans-Copepods,
CalNEMO,Callinectes sapidus,Sharon Shiba,Sharon.Shiba@wildlife.ca.gov,,Monitored,Crustaceans-Crabs,
CalNEMO,Carcinus maenas,Sharon Shiba,Sharon.Shiba@wildlife.ca.gov,,Monitored,Crustaceans-Crabs,
CalNEMO,Eriocheir sinensis,Sharon Shiba,Sharon.Shiba@wildlife.ca.gov,,Monitored,Crustaceans-Crabs,
CalNEMO,Rhithropanopeus harrisii,Sharon Shiba,Sharon.Shiba@wildlife.ca.gov,,Monitored,Crustaceans-Crabs,
CalNEMO,Faxonius virilis,Sharon Shiba,Sharon.Shiba@wildlife.ca.gov,,Monitored,Crustaceans-Crayfish,
CalNEMO,Pacifastacus leniusculus,Sharon Shiba,Sharon.Shiba@wildlife.ca.gov,,Monitored,Crustaceans-Crayfish,
CalNEMO,Procambarus clarkii,Sharon Shiba,Sharon.Shiba@wildlife.ca.gov,,Monitored,Crustaceans-Crayfish,
CalNEMO,Nippoleucon hinumensis,Sharon Shiba,Sharon.Shiba@wildlife.ca.gov,,Monitored,Crustaceans-Cumaceans,
CalNEMO,Asellus hilgendorfii,Sharon Shiba,Sharon.Shiba@wildlife.ca.gov,,Monitored,Crustaceans-Isopods,
CalNEMO,Caecidotea racovitzai,Sharon Shiba,Sharon.Shiba@wildlife.ca.gov,,Monitored,Crustaceans-Isopods,
CalNEMO,Caecijaera horvathi,Sharon Shiba,Sharon.Shiba@wildlife.ca.gov,,Monitored,Crustaceans-Isopods,
CalNEMO,Dynoides dentisinus,Sharon Shiba,Sharon.Shiba@wildlife.ca.gov,,Monitored,Crustaceans-Isopods,
CalNEMO,Eurylana arcuata,Sharon Shiba,Sharon.Shiba@wildlife.ca.gov,,Monitored,Crustaceans-Isopods,
CalNEMO,Gnorimosphaeroma rayi,Sharon Shiba,Sharon.Shiba@wildlife.ca.gov,,Monitored,Crustaceans-Isopods,
CalNEMO,Gnorimosphaeroma sp.*,Sharon Shiba,Sharon.Shiba@wildlife.ca.gov,,Monitored,Crustaceans-Isopods,
CalNEMO,Iais californica,Sharon Shiba,Sharon.Shiba@wildlife.ca.gov,,Monitored,Crustaceans-Isopods,
CalNEMO,Ianiropsis serricaudis,Sharon Shiba,Sharon.Shiba@wildlife.ca.gov,,Monitored,Crustaceans-Isopods,
CalNEMO,Limnoria quadripunctata,Sharon Shiba,Sharon.Shiba@wildlife.ca.gov,,Monitored,Crustaceans-Isopods,
CalNEMO,Limnoria tripunctata,Sharon Shiba,Sharon.Shiba@wildlife.ca.gov,,Monitored,Crustaceans-Isopods,
CalNEMO,Niambia capensis,Sharon Shiba,Sharon.Shiba@wildlife.ca.gov,,Monitored,Crustaceans-Isopods,
CalNEMO,Orthione griffenis,Sharon Shiba,Sharon.Shiba@wildlife.ca.gov,,Monitored,Crustaceans-Isopods,
CalNEMO,Paranthura japonica,Sharon Shiba,Sharon.Shiba@wildlife.ca.gov,,Monitored,Crustaceans-Isopods,
CalNEMO,Pseudosphaeroma sp. A,Sharon Shiba,Sharon.Shiba@wildlife.ca.gov,,Monitored,Crustaceans-Isopods,
CalNEMO,Sphaeroma quoianum,Sharon Shiba,Sharon.Shiba@wildlife.ca.gov,,Monitored,Crustaceans-Isopods,
CalNEMO,Sphaeroma walkeri,Sharon Shiba,Sharon.Shiba@wildlife.ca.gov,,Monitored,Crustaceans-Isopods,
CalNEMO,Synidotea laticauda,Sharon Shiba,Sharon.Shiba@wildlife.ca.gov,,Monitored,Crustaceans-Isopods,
CalNEMO,Uromunna sp. A,Sharon Shiba,Sharon.Shiba@wildlife.ca.gov,,Monitored,Crustaceans-Isopods,
CalNEMO,Nebalia sp  A.*,Sharon Shiba,Sharon.Shiba@wildlife.ca.gov,,Monitored,Crustaceans-Leptostacans,
CalNEMO,Homarus americanus,Sharon Shiba,Sharon.Shiba@wildlife.ca.gov,,Monitored,Crustaceans-Lobsters,
CalNEMO,Deltamysis holmquistae,Sharon Shiba,Sharon.Shiba@wildlife.ca.gov,,Monitored,Crustaceans-Mysids,
CalNEMO,Hyperacanthomysis longirostris,Sharon Shiba,Sharon.Shiba@wildlife.ca.gov,,Monitored,Crustaceans-Mysids,
CalNEMO,Neomysis japonica,Sharon Shiba,Sharon.Shiba@wildlife.ca.gov,,Monitored,Crustaceans-Mysids,
CalNEMO,Orientomysis aspera,Sharon Shiba,Sharon.Shiba@wildlife.ca.gov,,Monitored,Crustaceans-Mysids,
CalNEMO,Orientomysis hwanhaiensis,Sharon Shiba,Sharon.Shiba@wildlife.ca.gov,,Monitored,Crustaceans-Mysids,
CalNEMO,Aspidoconcha limnoriae,Sharon Shiba,Sharon.Shiba@wildlife.ca.gov,,Monitored,Crustaceans-Ostracods,
CalNEMO,Eusarsiella zostericola,Sharon Shiba,Sharon.Shiba@wildlife.ca.gov,,Monitored,Crustaceans-Ostracods,
CalNEMO,Redekea californica,Sharon Shiba,Sharon.Shiba@wildlife.ca.gov,,Monitored,Crustaceans-Ostracods,
CalNEMO,Spinileberis quadriaculeata,Sharon Shiba,Sharon.Shiba@wildlife.ca.gov,,Monitored,Crustaceans-Ostracods,
CalNEMO,Palaemon carinicauda,Sharon Shiba,Sharon.Shiba@wildlife.ca.gov,,Monitored,Crustaceans-Shrimp,
CalNEMO,Palaemon kadiakensis,Sharon Shiba,Sharon.Shiba@wildlife.ca.gov,,Monitored,Crustaceans-Shrimp,
CalNEMO,Palaemon macrodactylus,Sharon Shiba,Sharon.Shiba@wildlife.ca.gov,,Monitored,Crustaceans-Shrimp,
CalNEMO,Palaemon modestus,Sharon Shiba,Sharon.Shiba@wildlife.ca.gov,,Monitored,Crustaceans-Shrimp,
CalNEMO,Upogebia affinis,Sharon Shiba,Sharon.Shiba@wildlife.ca.gov,,Monitored,Crustaceans-Shrimp,
CalNEMO,Upogebia major,Sharon Shiba,Sharon.Shiba@wildlife.ca.gov,,Monitored,Crustaceans-Shrimp,
CalNEMO,Sinelobus cf. stanfordi,Sharon Shiba,Sharon.Shiba@wildlife.ca.gov,,Monitored,Crustaceans-Tanaids,
CalNEMO,Vallicula multiformis*,Sharon Shiba,Sharon.Shiba@wildlife.ca.gov,,Monitored,Ctenophores,
CalNEMO,Barentsia benedeni,Sharon Shiba,Sharon.Shiba@wildlife.ca.gov,,Monitored,Entoprocts,
CalNEMO,Urnatella gracilis,Sharon Shiba,Sharon.Shiba@wildlife.ca.gov,,Monitored,Entoprocts,
CalNEMO,Acanthogobius flavimanus,Sharon Shiba,Sharon.Shiba@wildlife.ca.gov,,Monitored,Fishes,
CalNEMO,Alosa sapidissima,Sharon Shiba,Sharon.Shiba@wildlife.ca.gov,,Monitored,Fishes,
CalNEMO,Ambloplites rupestris*,Sharon Shiba,Sharon.Shiba@wildlife.ca.gov,,Monitored,Fishes,
CalNEMO,Ameiurus catus,Sharon Shiba,Sharon.Shiba@wildlife.ca.gov,,Monitored,Fishes,
CalNEMO,Ameiurus melas,Sharon Shiba,Sharon.Shiba@wildlife.ca.gov,,Monitored,Fishes,
CalNEMO,Ameiurus natalis,Sharon Shiba,Sharon.Shiba@wildlife.ca.gov,,Monitored,Fishes,
CalNEMO,Ameiurus nebulosus,Sharon Shiba,Sharon.Shiba@wildlife.ca.gov,,Monitored,Fishes,
CalNEMO,Anguilla anguilla*,Sharon Shiba,Sharon.Shiba@wildlife.ca.gov,,Monitored,Fishes,
CalNEMO,Anguilla rostrata*,Sharon Shiba,Sharon.Shiba@wildlife.ca.gov,,Monitored,Fishes,
CalNEMO,Carassius auratus,Sharon Shiba,Sharon.Shiba@wildlife.ca.gov,,Monitored,Fishes,
CalNEMO,Chanos chanos*,Sharon Shiba,Sharon.Shiba@wildlife.ca.gov,,Monitored,Fishes,
CalNEMO,Coptodon zillii*,Sharon Shiba,Sharon.Shiba@wildlife.ca.gov,,Monitored,Fishes,
CalNEMO,Cyprinella lutrensis,Sharon Shiba,Sharon.Shiba@wildlife.ca.gov,,Monitored,Fishes,
CalNEMO,Cyprinus carpio,Sharon Shiba,Sharon.Shiba@wildlife.ca.gov,,Monitored,Fishes,
CalNEMO,Dorosoma petenense,Sharon Shiba,Sharon.Shiba@wildlife.ca.gov,,Monitored,Fishes,
CalNEMO,Esox masquinongy*,Sharon Shiba,Sharon.Shiba@wildlife.ca.gov,,Monitored,Fishes,
CalNEMO,Gambusia affinis,Sharon Shiba,Sharon.Shiba@wildlife.ca.gov,,Monitored,Fishes,
CalNEMO,Gila orcuttii,Sharon Shiba,Sharon.Shiba@wildlife.ca.gov,,Monitored,Fishes,
CalNEMO,Hypomesus nipponensis,Sharon Shiba,Sharon.Shiba@wildlife.ca.gov,,Monitored,Fishes,
CalNEMO,Ictalurus furcatus,Sharon Shiba,Sharon.Shiba@wildlife.ca.gov,,Monitored,Fishes,
CalNEMO,Ictalurus punctatus,Sharon Shiba,Sharon.Shiba@wildlife.ca.gov,,Monitored,Fishes,
CalNEMO,Lepomis cyanellus,Sharon Shiba,Sharon.Shiba@wildlife.ca.gov,,Monitored,Fishes,
CalNEMO,Lepomis gibbosus,Sharon Shiba,Sharon.Shiba@wildlife.ca.gov,,Monitored,Fishes,
CalNEMO,Lepomis gulosus,Sharon Shiba,Sharon.Shiba@wildlife.ca.gov,,Monitored,Fishes,
CalNEMO,Lepomis macrochirus,Sharon Shiba,Sharon.Shiba@wildlife.ca.gov,,Monitored,Fishes,
CalNEMO,Lepomis microlophus,Sharon Shiba,Sharon.Shiba@wildlife.ca.gov,,Monitored,Fishes,
CalNEMO,Lucania goodei,Sharon Shiba,Sharon.Shiba@wildlife.ca.gov,,Monitored,Fishes,
CalNEMO,Lucania parva,Sharon Shiba,Sharon.Shiba@wildlife.ca.gov,,Monitored,Fishes,
CalNEMO,Menidia audens,Sharon Shiba,Sharon.Shiba@wildlife.ca.gov,,Monitored,Fishes,
CalNEMO,Micropterus coosae,Sharon Shiba,Sharon.Shiba@wildlife.ca.gov,,Monitored,Fishes,
CalNEMO,Micropterus dolomieu,Sharon Shiba,Sharon.Shiba@wildlife.ca.gov,,Monitored,Fishes,
CalNEMO,Micropterus punctulatus,Sharon Shiba,Sharon.Shiba@wildlife.ca.gov,,Monitored,Fishes,
CalNEMO,Micropterus salmoides,Sharon Shiba,Sharon.Shiba@wildlife.ca.gov,,Monitored,Fishes,
CalNEMO,Morone saxatilis,Sharon Shiba,Sharon.Shiba@wildlife.ca.gov,,Monitored,Fishes,
CalNEMO,Notemigonus crysoleucas,Sharon Shiba,Sharon.Shiba@wildlife.ca.gov,,Monitored,Fishes,
CalNEMO,Oplegnathus fasciatus*,Sharon Shiba,Sharon.Shiba@wildlife.ca.gov,,Monitored,Fishes,
CalNEMO,Oreochromis mossambicus,Sharon Shiba,Sharon.Shiba@wildlife.ca.gov,,Monitored,Fishes,
CalNEMO,Oreochromis urolepis*,Sharon Shiba,Sharon.Shiba@wildlife.ca.gov,,Monitored,Fishes,
CalNEMO,Perca flavescens,Sharon Shiba,Sharon.Shiba@wildlife.ca.gov,,Monitored,Fishes,
CalNEMO,Percina macrolepida,Sharon Shiba,Sharon.Shiba@wildlife.ca.gov,,Monitored,Fishes,
CalNEMO,Pimephales promelas,Sharon Shiba,Sharon.Shiba@wildlife.ca.gov,,Monitored,Fishes,
CalNEMO,Plecoglossus altivelis*,Sharon Shiba,Sharon.Shiba@wildlife.ca.gov,,Monitored,Fishes,
CalNEMO,Poecilia latipinna,Sharon Shiba,Sharon.Shiba@wildlife.ca.gov,,Monitored,Fishes,
CalNEMO,Pomoxis annularis,Sharon Shiba,Sharon.Shiba@wildlife.ca.gov,,Monitored,Fishes,
CalNEMO,Pomoxis nigromaculatus,Sharon Shiba,Sharon.Shiba@wildlife.ca.gov,,Monitored,Fishes,
CalNEMO,Ptychocheilus grandis,Sharon Shiba,Sharon.Shiba@wildlife.ca.gov,,Monitored,Fishes,
CalNEMO,Salmo salar*,Sharon Shiba,Sharon.Shiba@wildlife.ca.gov,,Monitored,Fishes,
CalNEMO,Salmo trutta*,Sharon Shiba,Sharon.Shiba@wildlife.ca.gov,,Monitored,Fishes,
CalNEMO,Sander vitreus*,Sharon Shiba,Sharon.Shiba@wildlife.ca.gov,,Monitored,Fishes,
CalNEMO,Tautoga onitis*,Sharon Shiba,Sharon.Shiba@wildlife.ca.gov,,Monitored,Fishes,
CalNEMO,Tridentiger barbatus,Sharon Shiba,Sharon.Shiba@wildlife.ca.gov,,Monitored,Fishes,
CalNEMO,Tridentiger bifasciatus,Sharon Shiba,Sharon.Shiba@wildlife.ca.gov,,Monitored,Fishes,
CalNEMO,Tridentiger trigonocephalus,Sharon Shiba,Sharon.Shiba@wildlife.ca.gov,,Monitored,Fishes,
CalNEMO,Claviceps purpurea var. spartinae*,Sharon Shiba,Sharon.Shiba@wildlife.ca.gov,,Monitored,Fungi,
CalNEMO,Limulus polyphemus,Sharon Shiba,Sharon.Shiba@wildlife.ca.gov,,Monitored,Horseshoe Crab,
CalNEMO,Myocastor coypus*,Sharon Shiba,Sharon.Shiba@wildlife.ca.gov,,Monitored,Mammals,
CalNEMO,Ondatra zibethicus*,Sharon Shiba,Sharon.Shiba@wildlife.ca.gov,,Monitored,Mammals,
CalNEMO,Anadara ovalis,Sharon Shiba,Sharon.Shiba@wildlife.ca.gov,,Monitored,Mollusks-Bivalves,
CalNEMO,Anadara transversa,Sharon Shiba,Sharon.Shiba@wildlife.ca.gov,,Monitored,Mollusks-Bivalves,
CalNEMO,Anomia simplex,Sharon Shiba,Sharon.Shiba@wildlife.ca.gov,,Monitored,Mollusks-Bivalves,
CalNEMO,Arctica islandica,Sharon Shiba,Sharon.Shiba@wildlife.ca.gov,,Monitored,Mollusks-Bivalves,
CalNEMO,Arcuatula senhousia,Sharon Shiba,Sharon.Shiba@wildlife.ca.gov,,Monitored,Mollusks-Bivalves,
CalNEMO,Argopecten irradians,Sharon Shiba,Sharon.Shiba@wildlife.ca.gov,,Monitored,Mollusks-Bivalves,
CalNEMO,Bankia carinata,Sharon Shiba,Sharon.Shiba@wildlife.ca.gov,,Monitored,Mollusks-Bivalves,
CalNEMO,Corbicula fluminea,Sharon Shiba,Sharon.Shiba@wildlife.ca.gov,,Monitored,Mollusks-Bivalves,
CalNEMO,Crassostrea virginica,Sharon Shiba,Sharon.Shiba@wildlife.ca.gov,,Monitored,Mollusks-Bivalves,
CalNEMO,Gemma gemma,Sharon Shiba,Sharon.Shiba@wildlife.ca.gov,,Monitored,Mollusks-Bivalves,
CalNEMO,Geukensia demissa,Sharon Shiba,Sharon.Shiba@wildlife.ca.gov,,Monitored,Mollusks-Bivalves,
CalNEMO,Ischadium recurvum,Sharon Shiba,Sharon.Shiba@wildlife.ca.gov,,Monitored,Mollusks-Bivalves,
CalNEMO,Laternula gracilis,Sharon Shiba,Sharon.Shiba@wildlife.ca.gov,,Monitored,Mollusks-Bivalves,
CalNEMO,Leiosolenus aristatus,Sharon Shiba,Sharon.Shiba@wildlife.ca.gov,,Monitored,Mollusks-Bivalves,
CalNEMO,Limecola petalum,Sharon Shiba,Sharon.Shiba@wildlife.ca.gov,,Monitored,Mollusks-Bivalves,
CalNEMO,Limnoperna fortunei*,Sharon Shiba,Sharon.Shiba@wildlife.ca.gov,,Monitored,Mollusks-Bivalves,
CalNEMO,Lyrodus pedicellatus,Sharon Shiba,Sharon.Shiba@wildlife.ca.gov,,Monitored,Mollusks-Bivalves,
CalNEMO,Magallana gigas,Sharon Shiba,Sharon.Shiba@wildlife.ca.gov,,Monitored,Mollusks-Bivalves,
CalNEMO,Magallana sikamea,Sharon Shiba,Sharon.Shiba@wildlife.ca.gov,,Monitored,Mollusks-Bivalves,
CalNEMO,Mercenaria mercenaria,Sharon Shiba,Sharon.Shiba@wildlife.ca.gov,,Monitored,Mollusks-Bivalves,
CalNEMO,Meretrix lusoria,Sharon Shiba,Sharon.Shiba@wildlife.ca.gov,,Monitored,Mollusks-Bivalves,
CalNEMO,Mya arenaria,Sharon Shiba,Sharon.Shiba@wildlife.ca.gov,,Monitored,Mollusks-Bivalves,
CalNEMO,Mytilus galloprovincialis,Sharon Shiba,Sharon.Shiba@wildlife.ca.gov,,Monitored,Mollusks-Bivalves,
CalNEMO,Nuttallia obscurata,Sharon Shiba,Sharon.Shiba@wildlife.ca.gov,,Monitored,Mollusks-Bivalves,
CalNEMO,Ostrea angasi,Sharon Shiba,Sharon.Shiba@wildlife.ca.gov,,Monitored,Mollusks-Bivalves,
CalNEMO,Ostrea edulis,Sharon Shiba,Sharon.Shiba@wildlife.ca.gov,,Monitored,Mollusks-Bivalves,
CalNEMO,Petricolaria pholadiformis,Sharon Shiba,Sharon.Shiba@wildlife.ca.gov,,Monitored,Mollusks-Bivalves,
CalNEMO,Potamocorbula amurensis,Sharon Shiba,Sharon.Shiba@wildlife.ca.gov,,Monitored,Mollusks-Bivalves,
CalNEMO,Ruditapes philippinarum,Sharon Shiba,Sharon.Shiba@wildlife.ca.gov,,Monitored,Mollusks-Bivalves,
CalNEMO,Teredo bartschi,Sharon Shiba,Sharon.Shiba@wildlife.ca.gov,,Monitored,Mollusks-Bivalves,
CalNEMO,Teredo furcifera,Sharon Shiba,Sharon.Shiba@wildlife.ca.gov,,Monitored,Mollusks-Bivalves,
CalNEMO,Teredo navalis,Sharon Shiba,Sharon.Shiba@wildlife.ca.gov,,Monitored,Mollusks-Bivalves,
CalNEMO,Theora lubrica,Sharon Shiba,Sharon.Shiba@wildlife.ca.gov,,Monitored,Mollusks-Bivalves,
CalNEMO,Xenostrobus securis*,Sharon Shiba,Sharon.Shiba@wildlife.ca.gov,,Monitored,Mollusks-Bivalves,
CalNEMO,Batillaria attramentaria,Sharon Shiba,Sharon.Shiba@wildlife.ca.gov,,Monitored,Mollusks-Gastropods,
CalNEMO,Boonea bisuturalis,Sharon Shiba,Sharon.Shiba@wildlife.ca.gov,,Monitored,Mollusks-Gastropods,
CalNEMO,Bullia rhodostoma,Sharon Shiba,Sharon.Shiba@wildlife.ca.gov,,Monitored,Mollusks-Gastropods,
CalNEMO,Busycotypus canaliculatus,Sharon Shiba,Sharon.Shiba@wildlife.ca.gov,,Monitored,Mollusks-Gastropods,
CalNEMO,Catriona rickettsi,Sharon Shiba,Sharon.Shiba@wildlife.ca.gov,,Monitored,Mollusks-Gastropods,
CalNEMO,Cipangopaludina chinensis,Sharon Shiba,Sharon.Shiba@wildlife.ca.gov,,Monitored,Mollusks-Gastropods,
CalNEMO,Crepidula convexa,Sharon Shiba,Sharon.Shiba@wildlife.ca.gov,,Monitored,Mollusks-Gastropods,
CalNEMO,Crepidula fornicata,Sharon Shiba,Sharon.Shiba@wildlife.ca.gov,,Monitored,Mollusks-Gastropods,
CalNEMO,Crepidula plana,Sharon Shiba,Sharon.Shiba@wildlife.ca.gov,,Monitored,Mollusks-Gastropods,
CalNEMO,Cuthona perca,Sharon Shiba,Sharon.Shiba@wildlife.ca.gov,,Monitored,Mollusks-Gastropods,
CalNEMO,Dendronotus orientalis,Sharon Shiba,Sharon.Shiba@wildlife.ca.gov,,Monitored,Mollusks-Gastropods,
CalNEMO,Guildfordia yoka,Sharon Shiba,Sharon.Shiba@wildlife.ca.gov,,Monitored,Mollusks-Gastropods,
CalNEMO,Haloa japonica,Sharon Shiba,Sharon.Shiba@wildlife.ca.gov,,Monitored,Mollusks-Gastropods,
CalNEMO,Heterogen japonica,Sharon Shiba,Sharon.Shiba@wildlife.ca.gov,,Monitored,Mollusks-Gastropods,
CalNEMO,Ilyanassa obsoleta,Sharon Shiba,Sharon.Shiba@wildlife.ca.gov,,Monitored,Mollusks-Gastropods,
CalNEMO,Leostyletus misakiensis,Sharon Shiba,Sharon.Shiba@wildlife.ca.gov,,Monitored,Mollusks-Gastropods,
CalNEMO,Littoridinops monroensis,Sharon Shiba,Sharon.Shiba@wildlife.ca.gov,,Monitored,Mollusks-Gastropods,
CalNEMO,Littorina littorea,Sharon Shiba,Sharon.Shiba@wildlife.ca.gov,,Monitored,Mollusks-Gastropods,
CalNEMO,Littorina saxatilis,Sharon Shiba,Sharon.Shiba@wildlife.ca.gov,,Monitored,Mollusks-Gastropods,
CalNEMO,Melanochlamys ezoensis,Sharon Shiba,Sharon.Shiba@wildlife.ca.gov,,Monitored,Mollusks-Gastropods,
CalNEMO,Melanoides tuberculata,Sharon Shiba,Sharon.Shiba@wildlife.ca.gov,,Monitored,Mollusks-Gastropods,
CalNEMO,Myosotella myosotis,Sharon Shiba,Sharon.Shiba@wildlife.ca.gov,,Monitored,Mollusks-Gastropods,
CalNEMO,Ocinebrellus inornatus,Sharon Shiba,Sharon.Shiba@wildlife.ca.gov,,Monitored,Mollusks-Gastropods,
CalNEMO,Okenia plana,Sharon Shiba,Sharon.Shiba@wildlife.ca.gov,,Monitored,Mollusks-Gastropods,
CalNEMO,Philine auriformis,Sharon Shiba,Sharon.Shiba@wildlife.ca.gov,,Monitored,Mollusks-Gastropods,
CalNEMO,Philine orientalis,Sharon Shiba,Sharon.Shiba@wildlife.ca.gov,,Monitored,Mollusks-Gastropods,
CalNEMO,Pomacea canaliculata,Sharon Shiba,Sharon.Shiba@wildlife.ca.gov,,Monitored,Mollusks-Gastropods,
CalNEMO,Potamopyrgus antipodarum,Sharon Shiba,Sharon.Shiba@wildlife.ca.gov,,Monitored,Mollusks-Gastropods,
CalNEMO,Sakuraeolis enosimensis,Sharon Shiba,Sharon.Shiba@wildlife.ca.gov,,Monitored,Mollusks-Gastropods,
CalNEMO,Spurwinkia salsa,Sharon Shiba,Sharon.Shiba@wildlife.ca.gov,,Monitored,Mollusks-Gastropods,
CalNEMO,Tenellia adspersa,Sharon Shiba,Sharon.Shiba@wildlife.ca.gov,,Monitored,Mollusks-Gastropods,
CalNEMO,Urosalpinx cinerea,Sharon Shiba,Sharon.Shiba@wildlife.ca.gov,,Monitored,Mollusks-Gastropods,
CalNEMO,Capillaria catenata*,Sharon Shiba,Sharon.Shiba@wildlife.ca.gov,,Monitored,Nematodes,
CalNEMO,Hysterothylacium brachyurum*,Sharon Shiba,Sharon.Shiba@wildlife.ca.gov,,Monitored,Nematodes,
CalNEMO,Philometroides sanguineus*,Sharon Shiba,Sharon.Shiba@wildlife.ca.gov,,Monitored,Nematodes,
CalNEMO,Cephalothrix cf. simula*,Sharon Shiba,Sharon.Shiba@wildlife.ca.gov,,Monitored,Nemerteans,
CalNEMO,Alternanthera philoxeroides*,Sharon Shiba,Sharon.Shiba@wildlife.ca.gov,,Monitored,Plants,
CalNEMO,Avicennia marina*,Sharon Shiba,Sharon.Shiba@wildlife.ca.gov,,Monitored,Plants,
CalNEMO,Bassia hyssopifolia*,Sharon Shiba,Sharon.Shiba@wildlife.ca.gov,,Monitored,Plants,
CalNEMO,Cabomba caroliniana*,Sharon Shiba,Sharon.Shiba@wildlife.ca.gov,,Monitored,Plants,
CalNEMO,Cakile edentula*,Sharon Shiba,Sharon.Shiba@wildlife.ca.gov,,Monitored,Plants,
CalNEMO,Cakile maritima*,Sharon Shiba,Sharon.Shiba@wildlife.ca.gov,,Monitored,Plants,
CalNEMO,Chenopodium macrospermum*,Sharon Shiba,Sharon.Shiba@wildlife.ca.gov,,Monitored,Plants,
CalNEMO,Cotula coronopifolia*,Sharon Shiba,Sharon.Shiba@wildlife.ca.gov,,Monitored,Plants,
CalNEMO,Cyperus difformis*,Sharon Shiba,Sharon.Shiba@wildlife.ca.gov,,Monitored,Plants,
CalNEMO,Egeria densa*,Sharon Shiba,Sharon.Shiba@wildlife.ca.gov,,Monitored,Plants,
CalNEMO,Iris pseudacorus*,Sharon Shiba,Sharon.Shiba@wildlife.ca.gov,,Monitored,Plants,
CalNEMO,Juncus gerardii*,Sharon Shiba,Sharon.Shiba@wildlife.ca.gov,,Monitored,Plants,
CalNEMO,Lepidium latifolium*,Sharon Shiba,Sharon.Shiba@wildlife.ca.gov,,Monitored,Plants,
CalNEMO,Limnobium laevigatum*,Sharon Shiba,Sharon.Shiba@wildlife.ca.gov,,Monitored,Plants,
CalNEMO,Limosella australis*,Sharon Shiba,Sharon.Shiba@wildlife.ca.gov,,Monitored,Plants,
CalNEMO,Ludwigia peploides*,Sharon Shiba,Sharon.Shiba@wildlife.ca.gov,,Monitored,Plants,
CalNEMO,Ludwigia spp.*,Sharon Shiba,Sharon.Shiba@wildlife.ca.gov,,Monitored,Plants,
CalNEMO,Lythrum salicaria*,Sharon Shiba,Sharon.Shiba@wildlife.ca.gov,,Monitored,Plants,
CalNEMO,Myriophyllum aquaticum*,Sharon Shiba,Sharon.Shiba@wildlife.ca.gov,,Monitored,Plants,
CalNEMO,Myriophyllum spicatum*,Sharon Shiba,Sharon.Shiba@wildlife.ca.gov,,Monitored,Plants,
CalNEMO,Nasturtium officinale*,Sharon Shiba,Sharon.Shiba@wildlife.ca.gov,,Monitored,Plants,
CalNEMO,Parapholis incurva*,Sharon Shiba,Sharon.Shiba@wildlife.ca.gov,,Monitored,Plants,
CalNEMO,Phragmites australis*,Sharon Shiba,Sharon.Shiba@wildlife.ca.gov,,Monitored,Plants,
CalNEMO,Polypogon imberbis*,Sharon Shiba,Sharon.Shiba@wildlife.ca.gov,,Monitored,Plants,
CalNEMO,Pontederia crassipes*,Sharon Shiba,Sharon.Shiba@wildlife.ca.gov,,Monitored,Plants,
CalNEMO,Potamogeton crispus*,Sharon Shiba,Sharon.Shiba@wildlife.ca.gov,,Monitored,Plants,
CalNEMO,Puccinellia maritima*,Sharon Shiba,Sharon.Shiba@wildlife.ca.gov,,Monitored,Plants,
CalNEMO,Salsola soda*,Sharon Shiba,Sharon.Shiba@wildlife.ca.gov,,Monitored,Plants,
CalNEMO,Spartina alterniflora*,Sharon Shiba,Sharon.Shiba@wildlife.ca.gov,,Monitored,Plants,
CalNEMO,Spartina anglica*,Sharon Shiba,Sharon.Shiba@wildlife.ca.gov,,Monitored,Plants,
CalNEMO,Spartina densiflora*,Sharon Shiba,Sharon.Shiba@wildlife.ca.gov,,Monitored,Plants,
CalNEMO,Spartina patens*,Sharon Shiba,Sharon.Shiba@wildlife.ca.gov,,Monitored,Plants,
CalNEMO,Spergularia media*,Sharon Shiba,Sharon.Shiba@wildlife.ca.gov,,Monitored,Plants,
CalNEMO,Typha angustifolia*,Sharon Shiba,Sharon.Shiba@wildlife.ca.gov,,Monitored,Plants,
CalNEMO,Vallisneria australis*,Sharon Shiba,Sharon.Shiba@wildlife.ca.gov,,Monitored,Plants,
CalNEMO,Zostera japonica*,Sharon Shiba,Sharon.Shiba@wildlife.ca.gov,,Monitored,Plants,
CalNEMO,Alloglossidium corti*,Sharon Shiba,Sharon.Shiba@wildlife.ca.gov,,Monitored,Platyhelminthes,
CalNEMO,Atractolytocestus huronensis*,Sharon Shiba,Sharon.Shiba@wildlife.ca.gov,,Monitored,Platyhelminthes,
CalNEMO,Austrobilharzia variglandis*,Sharon Shiba,Sharon.Shiba@wildlife.ca.gov,,Monitored,Platyhelminthes,
CalNEMO,Bothriocephalus cuspidatus*,Sharon Shiba,Sharon.Shiba@wildlife.ca.gov,,Monitored,Platyhelminthes,
CalNEMO,Cercaria batillariae*,Sharon Shiba,Sharon.Shiba@wildlife.ca.gov,,Monitored,Platyhelminthes,
CalNEMO,Corallobothrium fimbriatum*,Sharon Shiba,Sharon.Shiba@wildlife.ca.gov,,Monitored,Platyhelminthes,
CalNEMO,Dactylogyrus extensus*,Sharon Shiba,Sharon.Shiba@wildlife.ca.gov,,Monitored,Platyhelminthes,
CalNEMO,Gigantobilharzia sp.*,Sharon Shiba,Sharon.Shiba@wildlife.ca.gov,,Monitored,Platyhelminthes,
CalNEMO,Himasthla quissetensis*,Sharon Shiba,Sharon.Shiba@wildlife.ca.gov,,Monitored,Platyhelminthes,
CalNEMO,Khawia japonensis*,Sharon Shiba,Sharon.Shiba@wildlife.ca.gov,,Monitored,Platyhelminthes,
CalNEMO,Lepocreadium setiferoides*,Sharon Shiba,Sharon.Shiba@wildlife.ca.gov,,Monitored,Platyhelminthes,
CalNEMO,Leptoplana limnoriae*,Sharon Shiba,Sharon.Shiba@wildlife.ca.gov,,Monitored,Platyhelminthes,
CalNEMO,Ligictaluridus pricei*,Sharon Shiba,Sharon.Shiba@wildlife.ca.gov,,Monitored,Platyhelminthes,
CalNEMO,Maritrema arenaria*,Sharon Shiba,Sharon.Shiba@wildlife.ca.gov,,Monitored,Platyhelminthes,
CalNEMO,Megathylacoides giganteum*,Sharon Shiba,Sharon.Shiba@wildlife.ca.gov,,Monitored,Platyhelminthes,
CalNEMO,Microphallus similis*,Sharon Shiba,Sharon.Shiba@wildlife.ca.gov,,Monitored,Platyhelminthes,
CalNEMO,Pisciamphistoma stunkardi*,Sharon Shiba,Sharon.Shiba@wildlife.ca.gov,,Monitored,Platyhelminthes,
CalNEMO,Stephanostomum tenue*,Sharon Shiba,Sharon.Shiba@wildlife.ca.gov,,Monitored,Platyhelminthes,
CalNEMO,Zoogonus lasius*,Sharon Shiba,Sharon.Shiba@wildlife.ca.gov,,Monitored,Platyhelminthes,
CalNEMO,Bonamia ostreae*,Sharon Shiba,Sharon.Shiba@wildlife.ca.gov,,Monitored,Protozoans,
CalNEMO,Boveria teredinidi*,Sharon Shiba,Sharon.Shiba@wildlife.ca.gov,,Monitored,Protozoans,
CalNEMO,Conidophrys pilisuctor*,Sharon Shiba,Sharon.Shiba@wildlife.ca.gov,,Monitored,Protozoans,
CalNEMO,Cothurnia limnoriae*,Sharon Shiba,Sharon.Shiba@wildlife.ca.gov,,Monitored,Protozoans,
CalNEMO,Haplosporidium nelsoni*,Sharon Shiba,Sharon.Shiba@wildlife.ca.gov,,Monitored,Protozoans,
CalNEMO,Lagenophrys cochinensis*,Sharon Shiba,Sharon.Shiba@wildlife.ca.gov,,Monitored,Protozoans,
CalNEMO,Lankesteria ascidiae*,Sharon Shiba,Sharon.Shiba@wildlife.ca.gov,,Monitored,Protozoans,
CalNEMO,Lobochona prorates*,Sharon Shiba,Sharon.Shiba@wildlife.ca.gov,,Monitored,Protozoans,
CalNEMO,Mirofolliculina limnoriae*,Sharon Shiba,Sharon.Shiba@wildlife.ca.gov,,Monitored,Protozoans,
CalNEMO,Rhizodomus tagatzi*,Sharon Shiba,Sharon.Shiba@wildlife.ca.gov,,Monitored,Protozoans,
CalNEMO,Trochammina hadai*,Sharon Shiba,Sharon.Shiba@wildlife.ca.gov,,Monitored,Protozoans,
CalNEMO,Trachemys scripta*,Sharon Shiba,Sharon.Shiba@wildlife.ca.gov,,Monitored,Reptiles-Turtles,
CalNEMO,Trachemys scripta elegans*,Sharon Shiba,Sharon.Shiba@wildlife.ca.gov,,Monitored,Reptiles-Turtles,
CalNEMO,Chalinula loosanoffi*,Sharon Shiba,Sharon.Shiba@wildlife.ca.gov,,Monitored,Sponges,
CalNEMO,Clathria prolifera*,Sharon Shiba,Sharon.Shiba@wildlife.ca.gov,,Monitored,Sponges,
CalNEMO,Halichondria bowerbanki*,Sharon Shiba,Sharon.Shiba@wildlife.ca.gov,,Monitored,Sponges,
CalNEMO,Hymeniacidon perlevis*,Sharon Shiba,Sharon.Shiba@wildlife.ca.gov,,Monitored,Sponges,
CalNEMO,Prosuberites sp.*,Sharon Shiba,Sharon.Shiba@wildlife.ca.gov,,Monitored,Sponges,
CalNEMO,Aplidium accarense*,Sharon Shiba,Sharon.Shiba@wildlife.ca.gov,,Monitored,Tunicates,
CalNEMO,Ascidia cf. virginea*,Sharon Shiba,Sharon.Shiba@wildlife.ca.gov,,Monitored,Tunicates,
CalNEMO,Ascidia sp. A,Sharon Shiba,Sharon.Shiba@wildlife.ca.gov,,Monitored,Tunicates,
CalNEMO,Ascidia zara,Sharon Shiba,Sharon.Shiba@wildlife.ca.gov,,Monitored,Tunicates,
CalNEMO,Ascidiella aspersa,Sharon Shiba,Sharon.Shiba@wildlife.ca.gov,,Monitored,Tunicates,
CalNEMO,Bostrichobranchus pilularis,Sharon Shiba,Sharon.Shiba@wildlife.ca.gov,,Monitored,Tunicates,
CalNEMO,Botrylloides diegensis,Sharon Shiba,Sharon.Shiba@wildlife.ca.gov,,Monitored,Tunicates,
CalNEMO,Botrylloides giganteus,Sharon Shiba,Sharon.Shiba@wildlife.ca.gov,,Monitored,Tunicates,
CalNEMO,Botrylloides violaceus,Sharon Shiba,Sharon.Shiba@wildlife.ca.gov,,Monitored,Tunicates,
CalNEMO,Botryllus schlosseri,Sharon Shiba,Sharon.Shiba@wildlife.ca.gov,,Monitored,Tunicates,
CalNEMO,Ciona robusta,Sharon Shiba,Sharon.Shiba@wildlife.ca.gov,,Monitored,Tunicates,
CalNEMO,Ciona savignyi,Sharon Shiba,Sharon.Shiba@wildlife.ca.gov,,Monitored,Tunicates,
CalNEMO,Corella inflata,Sharon Shiba,Sharon.Shiba@wildlife.ca.gov,,Monitored,Tunicates,
CalNEMO,Didemnum vexillum,Sharon Shiba,Sharon.Shiba@wildlife.ca.gov,,Monitored,Tunicates,
CalNEMO,Diplosoma listerianum,Sharon Shiba,Sharon.Shiba@wildlife.ca.gov,,Monitored,Tunicates,
CalNEMO,Microcosmus squamiger,Sharon Shiba,Sharon.Shiba@wildlife.ca.gov,,Monitored,Tunicates,
CalNEMO,Molgula citrina,Sharon Shiba,Sharon.Shiba@wildlife.ca.gov,,Monitored,Tunicates,
CalNEMO,Molgula ficus,Sharon Shiba,Sharon.Shiba@wildlife.ca.gov,,Monitored,Tunicates,
CalNEMO,Molgula manhattensis,Sharon Shiba,Sharon.Shiba@wildlife.ca.gov,,Monitored,Tunicates,
CalNEMO,Perophora japonica,Sharon Shiba,Sharon.Shiba@wildlife.ca.gov,,Monitored,Tunicates,
CalNEMO,Polyandrocarpa zorritensis,Sharon Shiba,Sharon.Shiba@wildlife.ca.gov,,Monitored,Tunicates,
CalNEMO,Polyclinum constellatum,Sharon Shiba,Sharon.Shiba@wildlife.ca.gov,,Monitored,Tunicates,
CalNEMO,Styela canopus,Sharon Shiba,Sharon.Shiba@wildlife.ca.gov,,Monitored,Tunicates,
CalNEMO,Styela clava,Sharon Shiba,Sharon.Shiba@wildlife.ca.gov,,Monitored,Tunicates,
CalNEMO,Styela plicata,Sharon Shiba,Sharon.Shiba@wildlife.ca.gov,,Monitored,Tunicates,
CalNEMO,Symplegma reptans,Sharon Shiba,Sharon.Shiba@wildlife.ca.gov,,Monitored,Tunicates,